"name","hp","pokedex_number","sp_attack","sp_defense","speed","type1","type2","weight_kg","generation","is_legendary","description",""
"Bulbizarre","45","1","65","65","45","grass","poison","43349","1","0","Bulbizarre passe son temps à faire la sieste sous le soleil. Il y a une graine sur son dos. Il absorbe les rayons du soleil pour faire doucement pousser la graine.",""
"Herbizarre","60","2","80","80","60","grass","poison","13.0","1","0","Un bourgeon a poussé sur le dos de ce Pokémon. Pour en supporter le poids, Herbizarre a dû se muscler les pattes. Lorsqu'il commence à se prélasser au soleil, ça signifie que son bourgeon va éclore, donnant naissance à une fleur.",""
"Florizarre","80","3","122","120","80","grass","poison","100.0","1","0","Une belle fleur se trouve sur le dos de Florizarre. Elle prend une couleur vive lorsqu'elle est bien nourrie et bien ensoleillée. Le parfum de cette fleur peut apaiser les gens.",""
"Salamèche","39","4","60","50","65","fire","","43228","1","0","La flamme qui brûle au bout de sa queue indique l'humeur de ce Pokémon. Elle vacille lorsque Salamèche est content. En revanche, lorsque qu'il s'énerve, la flamme prend de l'importance et brûle plus ardemment.",""
"Reptincel","58","5","80","65","80","fire","","19.0","1","0","Reptincel lacère ses ennemis sans pitié grâce à ses griffes acérées. S'il rencontre un ennemi puissant, il devient agressif et la flamme au bout de sa queue s'embrase et prend une couleur bleu clair.",""
"Dracaufeu","78","6","159","115","100","fire","flying","90.5","1","0","Dracaufeu parcourt les cieux pour trouver des adversaires à sa mesure. Il crache de puissantes flammes capables de faire fondre n'importe quoi. Mais il ne dirige jamais son souffle destructeur vers un ennemi plus faible.",""
"Carapuce","44","7","50","64","43","water","","9.0","1","0","La carapace de Carapuce ne sert pas qu'à le protéger. La forme ronde de sa carapace et ses rainures lui permettent d'améliorer son hydrodynamisme. Ce Pokémon nage extrêmement vite.",""
"Carabaffe","59","8","65","80","58","water","","43242","1","0","Carabaffe a une large queue recouverte d'une épaisse fourrure. Elle devient de plus en plus foncée avec l'âge. Les éraflures sur la carapace de ce Pokémon témoignent de son expérience aux combats.",""
"Tortank","79","9","135","115","78","water","","85.5","1","0","Tortank dispose de canons à eau émergeant de sa carapace. Ils sont très précis et peuvent envoyer des balles d'eau capables de faire mouche sur une cible située à plus de 50 m.",""
"Chenipan","45","10","20","20","45","bug","","43345","1","0","Pour se protéger, il émet un gaz puant par ses antennes, qui fait fuir ses ennemis audacieux.",""
"Chrysacier","50","11","25","25","30","bug","","43352","1","0","Il est vulnérable aux attaques tant que sa carapace est molle, car il expose son corps tendre et mou.",""
"Papilusion","60","12","90","80","70","bug","flying","32.0","1","0","Il raffole du nectar des fleurs. Il est capable de repérer la plus petite quantité de pollen.",""
"Aspicot","40","13","20","20","50","bug","poison","43134","1","0","On trouve souvent ce Pokémon dans les forêts et les hautes herbes. L'aiguillon de 5 cm sur sa tête contient un venin très toxique.",""
"Coconfort","45","14","25","25","35","bug","poison","10.0","1","0","Incapable de se déplacer de lui-même, il se défend en durcissant sa carapace.",""
"Dardargnan","65","15","15","80","145","bug","poison","43249","1","0","Dardargnan est extrêmement possessif. Il vaut mieux ne pas toucher à son nid si on veut éviter d'avoir des ennuis. Lorsqu'ils sont en colère, ces Pokémon attaquent en masse.",""
"Roucool","40","16","35","35","56","normal","flying","43313","1","0","On l'aperçoit souvent dans les forêts. Avec ses ailes, il brasse l'air près du sol pour projeter du sable.",""
"Roucoups","63","17","50","50","71","normal","flying","30.0","1","0","Grâce à ses griffes très puissantes, il est capable de transporter des Noeunoeuf vers un nid éloigné de plus de 100 km.",""
"Roucarnage","83","18","135","80","121","normal","flying","39.5","1","0","Il survole la surface de l'eau pour repérer une proie et plonge en piqué pour l'attraper.",""
"Rattata","30","19","25","35","72","normal","dark","","1","0","Vivant là où se trouve la nourriture, ce charognard passe ses journées à la rechercher.",""
"Rattatac","75","20","40","80","77","normal","dark","","1","0","Il grignote sans cesse pour apaiser la poussée de ses crocs. Il peut transpercer un mur de parpaings.",""
"Piafabec","40","21","31","31","70","normal","flying","2.0","1","0","Très protecteur de son territoire, il bat vite des ailes pour se déplacer à toute allure.",""
"Rapasdepic","65","22","61","61","100","normal","flying","38.0","1","0","Ses ailes géantes lui permettent de voler sur de longues distances sans qu'il ait besoin de se reposer.",""
"Abo","35","23","40","54","55","poison","","43349","1","0","Plus il est âgé, plus son corps est long. Il se love autour des arbres pour se reposer.",""
"Arbok","60","24","65","79","80","poison","","65.0","1","0","Les motifs sur son corps ressemblent à un visage menaçant. Les adversaires les plus craintifs fuient à la seule vue de ce Pokémon.",""
"Pikachu","35","25","50","50","90","electric","","6.0","1","0","Il élève sa queue pour surveiller les environs. Elle attire souvent la foudre dans cette position.",""
"Raichu","60","26","95","85","110","electric","electric","","1","0","Si ses joues contiennent trop d'électricité, Raichu plante sa queue dans le sol pour se décharger. On trouve des parcelles de terre brûlée à proximité du nid de ce Pokémon.",""
"Sabelette","50","27","10","35","40","ground","ice","","1","0","Il s'enterre et vit dans les sous-sols. S'il se sent menacé, il se met en boule pour se protéger.",""
"Sablaireau","75","28","25","65","65","ground","ice","","1","0","Il creuse si vite qu'il peut briser ses épines et ses griffes. Mais elles repoussent en une journée.",""
"Nidoran♀","55","29","40","40","41","poison","","7.0","1","0","Ce Pokémon est hérissé de dards empoisonnées. Les femelles ont une corne plus petite.",""
"Nidorina","70","30","55","55","56","poison","","20.0","1","0","La femelle a un tempérament doux. Elle émet des cris ultrasoniques capables de déstabiliser ses ennemis.",""
"Nidoqueen","90","31","75","85","76","poison","ground","60.0","1","0","Il se sert de son corps lourdement protégé pour empêcher les prédateurs d'accéder à son nid.",""
"Nidoran♂","46","32","40","40","50","poison","","9.0","1","0","Il jauge le terrain en laissant ses oreilles dépasser de l'herbe. Il se défend avec sa corne toxique.",""
"Nidorino","61","33","55","55","65","poison","","43239","1","0","Il dresse ses oreilles à l'affût d'un bruit suspect et attaque toute menace se rapprochant de lui.",""
"Nidoking","81","34","85","75","85","poison","ground","62.0","1","0","On le reconnaît facilement grâce à sa peau dure comme la pierre ainsi qu'à sa grosse corne pleine de poison.",""
"Mélofée","70","35","60","65","35","fairy","","43227","1","0","La lumière de la lune qu'il emmagasine dans ses ailes dorsales lui permet de flotter dans les airs.",""
"Mélodelfe","95","36","95","90","60","fairy","","40.0","1","0","Il aime le calme des montagnes. Son ouïe exceptionnelle entendrait une aiguille tomber à 1km.",""
"Goupix","38","37","50","65","65","fire","ice","","1","0","Il n'a qu'une seule queue à la naissance. Sa queue se divise à la pointe au fil des ans.",""
"Feunard","73","38","81","100","109","fire","ice","","1","0","Il a neuf longues queues et une fourrure qui brille comme de l'or. On dit qu'il peut vivre 1 000 ans.",""
"Rondoudou","115","39","45","25","20","normal","fairy","43225","1","0","Il hypnotise ses ennemis grâce à ses grands yeux avant de les plonger dans un profond sommeil en chantant une douce mélopée.",""
"Grodoudou","140","40","85","50","45","normal","fairy","12.0","1","0","Leur fourrure est si douce que s'ils se font des câlins, ils ne voudront plus se séparer.",""
"Nosferapti","40","41","30","40","55","poison","flying","43227","1","0","Bien que dépourvu d'yeux, il repère les obstacles grâce aux ultrasons émis par sa gueule. ",""
"Nosferalto","75","42","65","75","90","poison","flying","55.0","1","0","Il mord son adversaire et absorbe toute son énergie, même s'il devient trop lourd pour voler.",""
"Mystherbe","45","43","75","65","30","grass","poison","43195","1","0","Le jour, il reste en sous-sol et évite le soleil. Il grandit en se baignant au clair de lune.",""
"Ortide","60","44","85","75","40","grass","poison","43259","1","0","La plupart du temps, Ortide dégage un parfum immonde du pistil de sa fleur. Lorsqu'il se sent en danger, la puanteur est encore pire. Lorsque ce Pokémon se sent bien en sécurité, il ne dégage aucune odeur nauséabonde.",""
"Rafflesia","75","45","110","90","50","grass","poison","43269","1","0","Il possède des pétales énormes. À chaque pas, ils sèment d'épais nuages de pollen toxique.",""
"Paras","35","46","45","55","25","bug","grass","43195","1","0","Sur le dos de ce Pokémon se trouvent des champignons appelés tochukaso. Ils se développent au même rythme que leur hôte.",""
"Parasect","60","47","60","80","30","bug","grass","43249","1","0","On sait que les Parasect vivent en groupe dans les grands arbres et se nourrissent des nutriments contenus dans le tronc et les racines. Lorsqu'un arbre infesté meurt, ils se précipitent vers le prochain.",""
"Mimitoss","60","48","40","55","45","bug","poison","30.0","1","0","On raconte que Mimitoss a évolué avec une fourrure de poils fins et drus qui protège son corps tout entier. Il est doté de grands yeux capables de repérer ses proies, même minuscules.",""
"Aéromite","70","49","90","75","90","bug","poison","43232","1","0","Aéromite est un Pokémon nocturne, il ne sort donc que la nuit. Ses proies préférées sont les petits insectes qui se rassemblent autour des réverbères, attirés par la lumière.",""
"Taupiqueur","10","50","35","45","90","ground","ground","","1","0","Il vit à un mètre sous la terre et se nourrit de racines. Il apparaît rarement à la surface.",""
"Triopikeur","35","51","50","70","110","ground","ground","","1","0","Terriblement puissants, ils peuvent creuser un tunnel dans tout type de sol et jusqu'à 100 km de profondeur.",""
"Miaouss","40","52","50","40","90","normal","dark","","1","0","Son regard s'anime à la vue d'un objet brillant. C'est un Pokémon nocturne.",""
"Persian","65","53","75","65","115","normal","dark","","1","0","Persian a six grosses vibrisses qui lui donnent un air costaud et lui permettent de sentir les mouvements de l'air pour savoir ce qui se trouve à proximité. Il devient docile lorsqu'on l'attrape par les moustaches.",""
"Psykokwak","50","54","65","50","55","water","","43270","1","0","Il souffre d'un migraine permanente. Plus sa douleur augmente, plus il émet des ondes psychiques intenses.",""
"Akwakwak","80","55","95","80","85","water","","76.6","1","0","Certains prétendaient que tenir la gemme rouge de son front donnait des pouvoirs psychiques, aussi a-t-il été braconné à certaines époques.",""
"Férosinge","40","56","35","45","70","fighting","","28.0","1","0","La moindre contrariété le rend furieux. Comme rien ne l'atteint durablement, il n'accumule pas de stress et peut vivre très vieux. ",""
"Colossinge","65","57","60","70","95","fighting","","32.0","1","0","Lorsque Colossinge devient furieux, sa circulation sanguine s'accélère. Du coup, ses muscles sont encore plus puissants. En revanche, il devient bien moins intelligent.",""
"Caninos","55","58","70","50","60","fire","","19.0","1","0","Caninos a un odorat très développé. Ce Pokémon n'oublie jamais un parfum, quel qu'il soit. Il utilise son puissant sens olfactif pour deviner les émotions des autres créatures vivantes.",""
"Arcanin","90","59","100","80","95","fire","","155.0","1","0","Une légende célèbre relate les exploits d'un chef de guerre et de son Arcanin à la conquête d'un certain royaume antique.",""
"Ptitard","40","60","40","40","90","water","","43202","1","0","L'orientation de sa spirale diffère légèrement selon les régions. Les fans de ces Pokémon peuvent les différencier au premier coup d’œil.",""
"Têtarte","65","61","50","50","90","water","","20.0","1","0","Son état de santé se dégrade à mesure que sa peau s'assèche, aussi faut-il veiller à ce qu'il soit toujours bien hydraté.",""
"Tartard","90","62","70","90","70","water","fighting","54.0","1","0","Son impressionnante musculature a été sculptée par sa nage vigoureuse. Un direct du droit lui suffit à réduire un gros rocher en miettes.",""
"Abra","25","63","105","55","90","psychic","","43239","1","0","Il lui arrive de se téléporter pendant son sommeil pour se protéger, mais lorsqu'il se réveille, il se retrouve dans un endroit inconnu et panique.",""
"Kadabra","40","64","120","70","105","psychic","","56.5","1","0","Son esprit est doté d'impressionnantes facultés, mais elles sont diminuées de moitié s'il n'a pas de cuiller en d'argent.",""
"Alakazam","55","65","175","105","150","psychic","","48.0","1","0","Il a lui-même créé ses cuillères avec avec sa propre force psychique. Chaque exemplaire est unique au monde.",""
"Machoc","70","66","35","35","35","fighting","","43239","1","0","Il s'entraîne avec ses amis pour accroître sa masse musculaire et gagner en confiance. Une fois prêt, il ira défier un Makuhita.",""
"Machopeur","80","67","50","60","45","fighting","","70.5","1","0","C'est un modèle très en vogue chez les sculpteurs. De nombreux artistes ne jurent que par sa musculature parfaite.",""
"Mackogneur","90","68","65","85","55","fighting","","130.0","1","0","Ses quatre bras lui permettent d'attaquer et de se défendre en même temps. Il maîtriserait tous les arts martiaux existants.",""
"Chétiflor","50","69","70","30","40","grass","poison","4.0","1","0","Le corps long et flexible de Chétiflor lui permet de se tordre et d'osciller pour éviter tout type d'attaque, mêmes les plus puissantes. Ce Pokémon crache un fluide corrosif qui peut même dissoudre le fer.",""
"Boustiflor","65","70","85","45","55","grass","poison","43196","1","0","Ses membres en forme de feuilles permettent à Boustiflor de trancher ses adversaires. Il crache un fluide capable de tout dissoudre.",""
"Empiflor","80","71","100","70","70","grass","poison","43235","1","0","Empiflor est doté d'une longue liane qui part de sa tête. Cette liane se balance et remue comme un animal pour attirer ses proies. Lorsque l'une d'elles s'approche un peu trop près, ce Pokémon l'avale entièrement.",""
"Tentacool","40","72","50","100","70","water","poison","45.5","1","0","Il flotte près des côtes à la recherche de proies. Il lui arrive de perdre ses tentacules toxiques, mais ceux-ci repoussent avec le temps. ",""
"Tentacruel","80","73","80","120","100","water","poison","55.0","1","0","Ses tentacules sont rétractés au repos. En situation de chasse, ils s'allongent pour prendre ses proies au piège.",""
"Racaillou","40","74","30","30","20","rock","ground","","1","0","Il grimpe les côtes escarpées à mains nues. C'est en le voyant à l'œuvre que des humains se sont mis à l'escalade de bloc.",""
"Gravalanch","55","75","45","45","35","rock","ground","","1","0","La nourriture préférée de Gravalanch est la roche. Ce Pokémon escalade parfois les montagnes, dévorant les rochers sur son passage. Une fois au sommet, il se laisse rouler jusqu'en bas.",""
"Grolem","80","76","55","65","45","rock","ground","","1","0","Il est capable de faire exploser une partie de son corps. Le souffle lui permet de se projeter à toute vitesse vers les sommets.",""
"Ponyta","50","77","65","65","90","fire","","30.0","1","0","À sa naissance, Ponyta est très faible. Il peut à peine tenir debout. Ce Pokémon se muscle en trébuchant et en tombant, lorsqu'il essaie de suivre ses parents.",""
"Galopa","65","78","80","80","105","fire","","95.0","1","0","On voit souvent Galopa trotter dans les champs et les plaines. Cependant, lorsque ce Pokémon s'en donne la peine, il peut galoper à plus de 240 km/h et sa crinière flamboyante s'embrase.",""
"Ramoloss","90","79","40","40","15","water","psychic","36.0","1","0","Ramoloss trempe sa queue dans l'eau au bord des rivières pour attraper ses proies. Cependant, ce Pokémon oublie souvent ce qu'il fait là et passe des jours entiers à traîner au bord de l'eau.",""
"Flagadoss","95","80","130","80","30","water","psychic","78.5","1","0","Le Kokiyas accroché à sa queue est friand de ce qu'il dévore et ne veut pas lâcher prise.",""
"Magnéti","25","81","95","55","45","electric","steel","6.0","1","0","Ce Pokémon causant des coupures de courant, certaines centrales l'éloignent en diffusant des ondes qu'il déteste.",""
"Magnéton","50","82","120","70","70","electric","steel","60.0","1","0","Les Magnéton émettent d'étranges ondes, et les appareils de précision ont tendance à tomber en panne à leur approche. ",""
"Canarticho","52","83","58","62","60","normal","flying","15.0","1","0","On voit souvent des Canarticho avec une tige, récupérée sur une plante quelconque. Apparemment, ils peuvent distinguer les bonnes des mauvaises. On a vu ces Pokémon se battre pour des histoires de tiges.",""
"Doduo","35","84","35","35","75","normal","flying","39.2","1","0","Les deux têtes de Doduo ne dorment jamais en même temps. Elles se reposent à tour de rôle pour que l'une puisse monter la garde pendant que l'autre dort.",""
"Dodrio","60","85","60","60","110","normal","flying","85.2","1","0","Apparemment, Dodrio ne se contente pas d'avoir trois têtes. Il semble également avoir trois cœurs et six poumons, ce qui lui permet de courir très longtemps sans s'épuiser.",""
"Otaria","65","86","45","70","45","water","","90.0","1","0","Sa couche de gras lui permet d'être à l'aise dans les eaux les plus froides. Il a par contre plus de mal à supporter les mers chaudes.",""
"Lamantine","90","87","70","95","70","water","ice","120.0","1","0","Après manger, il s'étale de tout son long sur les plages de sable fin. Le soleil le réchauffe et facilite sa digestion.",""
"Tadmorv","80","88","40","50","25","poison","poison","","1","0","Né d'un tas de déchets exposés aux rayons X réfléchis par la lune, il meurt si les microbes qui pullulent sur son corps diminuent en nombre.",""
"Grotadmorv","105","89","65","100","50","poison","poison","","1","0","La qualité de l'environnement s'étant améliorée récemment, ce Pokémon est devenu plus rare. On dit qu'il est en voie d'extinction.",""
"Kokiyas","30","90","45","25","40","water","","4.0","1","0","Sa langue dépasse même quand sa coquille est fermée. Si on tire fort dessus, cette dernière s'ouvre sous l'effet de la surprise.",""
"Crustabri","50","91","85","45","70","water","ice","132.5","1","0","Il a une coquille à toute épreuve. En cicatrisant, les blessures sur ses valves forment des excroissances qui évoluent en dards pointus.",""
"Fantominus","30","92","100","35","80","ghost","poison","0.1","1","0","Ce Pokémon serait né des émanations gazeuses des cimetières et de la rancœur qui les habite.",""
"Spectrum","45","93","115","55","95","ghost","poison","0.1","1","0","Évitez les balades nocturnes en solitaire en cas de vague à l'âme : si Spectrum vous attrape, vous ne pourrez plus rentrer chez vous !",""
"Ectoplasma","60","94","170","95","130","ghost","poison","40.5","1","0","Les enfants du monde entier redoutent la menace de l'Ectoplasma qui viendra les chercher s'ils ne sont pas sages.",""
"Onix","35","95","30","45","70","rock","ground","210.0","1","0","Onix a dans le cerveau un aimant qui lui sert de boussole. Il permet à ce Pokémon de ne pas se perdre pendant qu'il creuse. En prenant de l'âge, son corps s'arrondit et se polit.",""
"Soporifik","60","96","43","90","42","psychic","","32.4","1","0","Il regarde ses proies dormir et avale leurs rêves. Les cauchemars ayant un petit goût aigrelet, il a tendance à les bouder.",""
"Hypnomade","85","97","73","115","67","psychic","","75.6","1","0","Certains Hypnomade travaillent comme assistants dans les cliniques visant à guérir les patients de leurs insomnies.",""
"Krabby","30","98","25","25","50","water","","43226","1","0","On trouve ce Pokémon près de la mer. Ses grosses pinces peuvent repousser si elles se font arracher.",""
"Krabboss","55","99","50","50","75","water","","60.0","1","0","Krabboss est doté d'une pince gigantesque, surdimensionnée. Il l'agite en l'air pour communiquer avec ses semblables. En revanche, sa pince est tellement lourde que ce Pokémon se fatigue très vite.",""
"Voltorbe","40","100","55","55","100","electric","","43200","1","0","Voltorbe est extrêmement sensible. Il explose au moindre choc. On raconte qu'il fut crée par l'exposition d'une Poké Ball à une puissante dose d'énergie.",""
"Électrode","60","101","80","80","150","electric","","66.6","1","0","Il stocke tellement d'énergie dans son corps qu'une simple secousse peut le faire exploser.",""
"Noeunoeuf","60","102","60","45","40","grass","psychic","43222","1","0","Il communique avec ses amis par télépathie. Son ADN est un mélange de celui d'une plante et d'un autre type non identifié.",""
"Noadkoko","95","103","125","75","45","grass","psychic","","1","0","Ses trois têtes pensent indépendamment. Si elles ne se mettent pas d'accord sur le chemin à emprunter, Noadkoko fait du surplace.",""
"Osselait","50","104","40","50","35","ground","","43226","1","0","Quand il se souvient de la mort de sa mère, il pleure à grands sanglots. Les Vaututrice entendent ces cris et fondent sur leur proie.",""
"Ossatueur","60","105","50","80","45","ground","fire","","1","0","Ossatueur est la forme évoluée d'Osselait. il a surmonté le chagrin causé par la perte de sa maman et s'est endurci. Le tempérament décidé et entier de ce Pokémon le rend très difficile à amadouer.",""
"Kicklee","50","106","35","110","87","fighting","","49.8","1","0","S'il commence à donner des séries de coups de pied, ses jambes grandissent et il gagne en allonge.",""
"Tygnon","50","107","35","110","76","fighting","","50.2","1","0","Tygnon possède l'esprit combatif des plus grands champions de boxe. Ses coups de poing partent plus vite qu'un boulet de canon.",""
"Excelangue","90","108","60","75","30","normal","","65.5","1","0","Sa longue langue lui sert à goûter tout ce qui l'intrigue. Attention, car s'il vous lèche une partie du corps, vous risquez l'infection cutanée.",""
"Smogo","40","109","60","45","35","poison","","1.0","1","0","Lorsque Smogo s'agite, ça augmente la toxicité de ses gaz internes. Il les projette ensuite par les nombreux orifices de son corps. Ce Pokémon peut aussi gonfler son corps et le faire exploser.",""
"Smogogo","65","110","85","70","60","poison","","43229","1","0","Smogogo rétrécit ou gonfle ses deux corps pour mélanger les gaz toxiques qui s'y trouvent. Lorsque les gaz sont bien mélangés, la toxine devient très puissante. Le Pokémon se putréfie aussi un peu plus.",""
"Rhinocorne","80","111","30","30","25","ground","rock","115.0","1","0","Le cerveau de Rhinocorne est tout petit, à tel point que lorsqu'il attaque, il lui arrive d'oublier pourquoi il a commencé à charger. Il lui arrive de se souvenir qu'il a démoli certaines choses.",""
"Rhinoféros","105","112","45","45","40","ground","rock","120.0","1","0","L'évolution a permis à ce Pokémon de marcher sur ses pattes arrière. Il peut facilement faire des trous dans les rochers en utilisant sa corne.",""
"Leveinard","250","113","35","105","50","normal","","34.6","1","0","C'est un Pokémon assez rare et qui prend la fuite très rapidement. Apercevoir ce Pokémon est un signe que la chance vous sourit.",""
"Saquedeneu","65","114","100","40","60","grass","","35.0","1","0","Il paralyse tout ce qui bouge avec ses lianes. Elles vous chatouillent si vous êtes capturé.",""
"Kangourex","105","115","60","100","100","normal","","80.0","1","0","Ne vous approchez surtout pas d'un bébé Kangourex sorti de sa poche en train de jouer ! Sa mère le surveille sûrement d'un peu plus loin.",""
"Hypotrempe","30","116","70","25","60","water","","8.0","1","0","Il niche à l'ombre du corail. Quand il se sent menacé, il disparaît dans un nuage d'encre opaque.",""
"Hypocéan","55","117","95","45","85","water","","25.0","1","0","Il peut nager à l'envers en agitant ses petites nageoires pectorales.",""
"Poissirène","45","118","35","50","63","water","","15.0","1","0","Il nage à 5 nœuds. Quand on l'agresse, il réplique d'un bon coup de corne aiguisée.",""
"Poissoroy","80","119","65","80","68","water","","39.0","1","0","Les mâles dansent devant les femelles pour attirer leurs faveurs ; les plus talentueux gagneront leur admiration.",""
"Stari","30","120","70","55","85","water","","34.5","1","0","Si l'on en croit une légende populaire, il serait né d'une pluie de poussière d'étoiles tombée dans la mer.",""
"Staross","60","121","100","85","115","water","psychic","80.0","1","0","La forme abstraite de son corps ne ressemble à rien de connu. On raconte dans les campagnes qu'il s'agit d'un envahisseur venu de l'espace.",""
"M. Mime","40","122","100","120","90","psychic","fairy","54.5","1","0","Grâce à ses talents de mime, il est capable de faire apparaître de vrais murs. Applaudissez-le, au risque de recevoir une ou deux Torgnoles !",""
"Insécateur","70","123","55","80","105","bug","flying","56.0","1","0","Sa rapidité de ninja embrouille sa proie. Au moindre moment d'hésitation, il la coupe en deux d'un coup de tranchant.",""
"Lippoutou","65","124","115","95","95","ice","psychic","40.6","1","0","Ses étranges cris s'apparentent à des mots. Certains musiciens lui composent des chansons pour qu'il les interprète.",""
"Élektek","65","125","95","85","105","electric","","30.0","1","0","La moitié des coupures de courant soudaines est due à des groupes d'Élektek rassemblés dans une centrale électrique pour se nourrir.",""
"Magmar","65","126","100","85","93","fire","","44.5","1","0","Quand il est fatigué, il se jette dans un volcan pour se soigner dans le magma. Son corps brûle à 1200°C.",""
"Scarabrute","65","127","65","90","105","bug","","55.0","1","0","Il attrape ses adversaires entre ses cornes et les tranche en deux d'un seul coup. Malgré sa force, il a une faiblesse : le froid.",""
"Tauros","75","128","40","70","110","normal","","88.4","1","0","Juste avant d'utiliser Charge, ce Pokémon agite frénétiquement ses trois grandes queues.",""
"Magicarpe","20","129","15","20","80","water","","10.0","1","0","Magicarpe est un Pokémon ridicule qui ne sait faire que des ronds dans l'eau ou se laisser porter par les courants. Son comportement a donné envie aux savants d'étudier son cas.",""
"Léviator","95","130","70","130","81","water","flying","235.0","1","0","Lorsque Léviator commence à s'énerver, sa nature violente ne se calme qu'une fois qu'il a tout réduit en cendres. La fureur de ce Pokémon peut durer pendant un mois.",""
"Lokhlass","130","131","85","95","60","water","ice","220.0","1","0","Il était en voie d'extinction à cause de la pêche illégale, mais après de stricts programmes de protection, il y'en a maintenant trop.",""
"Métamorph","48","132","48","48","48","normal","","4.0","1","0","Grâce à son don de transformation, ce Pokémon peut devenir l'ami de tous les êtres vivants, sauf des autres Métamorph, qu'il déteste.",""
"Évoli","55","133","45","65","55","normal","","43226","1","0","L'ADN de ce Pokémon très particulier recèle de nombreuses possibilités d'évolution.",""
"Aquali","130","134","110","95","65","water","","29.0","1","0","On le trouve principalement dans les sources limpides. Lorsqu'un ennemi est sur le point de l'attaquer, il plonge se réfugier dans l'eau.",""
"Voltali","65","135","110","95","130","electric","","43244","1","0","Il se charge d'électricité statique pour envoyer des décharges de 10 000 V.",""
"Pyroli","65","136","95","110","65","fire","","25.0","1","0","Pyroli a une poche de feu à l'intérieur de son corps. Après une bonne inspiration, il est capable de recracher des flammes à 1700°C.",""
"Porygon","65","137","85","75","40","normal","","36.5","1","0","Il a été conçu il y a vingt ans par des chercheurs qui rêvaient de conquérir l'espace. Ce rêve n'est toujours pas devenu réalité.",""
"Amonita","35","138","90","55","35","rock","water","43227","1","0","Un Pokémon préhistorique qui vivait dans les profondeurs marines. Il se déplace en agitant ses 10 tentacules.",""
"Amonistar","70","139","115","70","55","rock","water","35.0","1","0","Ses tentacules sont développés comme s'il s'agissait de bras ou de jambes. Dès qu'il attaque une proie il la mord.",""
"Kabuto","30","140","55","45","55","rock","water","43231","1","0","On pense qu'il peuplait les plages il y a 300 millions d'années. Il est protégé par une coquille robuste.",""
"Kabutops","60","141","65","70","80","rock","water","40.5","1","0","C'est un très bon nageur. Il lacère sa proie de ses longues griffes et en absorbe les fluides corporels.",""
"Ptéra","80","142","70","95","150","rock","flying","59.0","1","0","Le roi des airs à l'époque préhistorique. La théorie la plus crédible est qu'il aurait été annihilé par la chute d'une énorme météorite.",""
"Ronflex","160","143","65","110","30","normal","","460.0","1","0","Son estomac peut digérer n'importe quel type de nourriture, même quand elle est moisie ou pourrie.",""
"Artikodin","90","144","95","125","85","ice","flying","55.4","1","1","Un Pokémon Oiseau légendaire. Il peut provoquer des blizzards en gelant l'humidité de l'air.",""
"Électhor","90","145","125","90","100","electric","flying","52.6","1","1","Un Pokémon Oiseau légendaire dont on dit qu'il vit dans les nuages d'orage. Il contrôle la foudre.",""
"Sulfura","90","146","125","85","90","fire","flying","60.0","1","1","L'un des Pokémon Oiseaux légendaires. On dit que sa venue annonce l'arrivée du printemps.",""
"Minidraco","41","147","50","50","50","dragon","","43162","1","0","La première preuve de l'existence de ce Pokémon est due à un pêcheur ayant bataillé 10 heures pour le tirer hors de l'eau.",""
"Draco","61","148","70","70","70","dragon","","43236","1","0","Un Pokémon légendaire plein de charme. Il peut contrôler les variations climatiques.",""
"Dracolosse","91","149","100","100","80","dragon","flying","210.0","1","0","On raconte qu'il vit quelque part en mer. Il guide les équipages naufragés jusqu’à la terre ferme.",""
"Mewtwo","106","150","194","120","140","psychic","","122.0","1","1","Il est le fruit de nombreuses expériences génétiques horribles et malsaines.",""
"Mew","100","151","100","100","100","psychic","","4.0","1","1","Son ADN contient les codes génétiques de tous les Pokémon. Il peut utiliser nombre de techniques.",""
"Germignon","45","152","49","65","45","grass","","43196","2","0","Un doux parfum émane de la feuille placée sur sa tête. Il est très gentil et aime dormir au soleil.",""
"Macronium","60","153","63","80","60","grass","","43327","2","0","Le collier de bourgeons à son cou répand un arôme épicé qui vous donne du tonus.",""
"Méganium","80","154","83","100","80","grass","","100.5","2","0","Le souffle de Méganium a le pouvoir de redonner la santé aux plantes malades ou mortes.",""
"Héricendre","39","155","60","50","65","fire","","43350","2","0","Ce Pokémon est un grand timide. Les flammes sur son dos s'intensifient lorsqu'il prend peur.",""
"Feurisson","58","156","80","65","80","fire","","19.0","2","0","Avant chaque combat, il tourne le dos et montre la puissance de ses flammes.",""
"Typhlosion","78","157","109","85","100","fire","","79.5","2","0","Quand il est furieux, il devient si chaud que tout ce qu'il touche s'enflamme instantanément.",""
"Kaiminus","50","158","44","48","43","water","","43229","2","0","Sa mâchoire surdéveloppée est capable de tout broyer. Même son Dresseur doit s'en méfier.",""
"Crocrodil","65","159","59","63","58","water","","25.0","2","0","Quand il mord, il ne lâche pas prise avant que ses crocs se brisent. Ils repoussent par la suite.",""
"Aligatueur","85","160","79","83","78","water","","88.8","2","0","Quand il mord avec sa puissante mâchoire, il secoue sa tête pour déchiqueter sa pauvre victime.",""
"Fouinette","35","161","35","45","20","normal","","6.0","2","0","Lorsqu'un Fouinette dort, un autre monte la garde. La sentinelle réveille les autres au moindre signe de danger. Si un de ces Pokémon est séparé de sa meute, il arrête de dormir, car il a peur.",""
"Fouinar","85","162","45","55","90","normal","","32.5","2","0","Il fabrique un nid qui convient à son corps très fin, et où lui seul peut entrer.",""
"Hoothoot","60","163","36","56","50","normal","flying","43152","2","0","Il se tient toujours sur un pied. Il change de pied si vite qu'on peut à peine distinguer ce mouvement.",""
"Noarfang","100","164","86","96","70","normal","flying","40.8","2","0","Quand il réfléchit, il tourne sa tête sur 180° pour optimiser son mode de pensée.",""
"Coxy","40","165","40","80","55","bug","flying","43322","2","0","Il est si timide qu'il est inquiet s'il n'est pas en groupe. Les motifs sur son dos diffèrent d'un individu à l'autre.",""
"Coxyclaque","55","166","55","110","85","bug","flying","35.6","2","0","Le motif qui orne son dos aurait un lien avec les étoiles, mais nul ne sait encore en quoi consiste ce lien.",""
"Mimigal","40","167","40","40","30","bug","poison","43228","2","0","Il reste immobile dans sa toile pendant des jours. Il attend que sa proie se rapproche pour la capturer.",""
"Migalos","70","168","60","70","40","bug","poison","33.5","2","0","Il peut produire des fils de soie par l'arrière-train ou par la bouche. Il est difficile de différencier les deux.",""
"Nostenfer","85","169","70","80","130","poison","flying","75.0","2","0","Ses quatre ailes lui permettent de voler furtivement pour approcher ses proies sans les effrayer.",""
"Loupio","75","170","56","56","67","water","electric","12.0","2","0","Ses deux antennes étaient à l'origine des ailerons. Il libère de l'électricité pour étourdir ses proies avant de passer à l'attaque.",""
"Lanturn","125","171","76","76","67","water","electric","43242","2","0","Il aveugle sa proie avec une lumière intense, puis l'avale d'un seul trait une fois immobilisée.",""
"Pichu","20","172","35","35","60","electric","","2.0","2","0","Il ne contrôle pas encore bien l'électricité, et laisse échapper des décharges lorsqu'il est surpris ou en proie à de fortes émotions.",""
"Mélo","50","173","45","55","15","fairy","","3.0","2","0","Il serait parvenu jusqu'à nous en chevauchant une étoile filante. On le trouve dans les endroits où des météorites sont tombées.",""
"Toudoudou","90","174","40","20","15","normal","fairy","1.0","2","0","Son corps est très doux. Quand il commence à rebondir, il est impossible de l'arrêter.",""
"Togepi","35","175","40","65","20","fairy","","43221","2","0","Sa coquille est remplie de joie. On dit que s’il est bien traité, il porte chance.",""
"Togetic","55","176","80","105","40","fairy","flying","43134","2","0","On dit qu'il n'apparaît qu'aux cœurs purs et qu'il leur apporte la joie et le bonheur.",""
"Natu","40","177","70","45","70","psychic","flying","2.0","2","0","Il cherche sa nourriture par terre, mais quelquefois il grimpe aux arbres pour manger.",""
"Xatu","65","178","95","70","95","psychic","flying","15.0","2","0","On dit qu'il est calme et tranquille car il peut voir en permanence le passé et le futur.",""
"Wattouat","55","179","65","45","35","electric","","43319","2","0","Il a beau être mignon, sa laine génère de l'électricité quand on la frotte. Tentez de le caresser, et il vous mettra vite au courant !",""
"Lainergie","70","180","80","60","45","electric","","43172","2","0","Sa douce laine stocke facilement l'électricité. Sa peau caoutchouteuse prévient l'électrocution.",""
"Pharamp","90","181","165","110","45","electric","","61.5","2","0","Le bout de sa queue brille si fort qu'il peut être vu de très loin. Il sert de balise aux gens.",""
"Joliflor","75","182","90","100","50","grass","","43317","2","0","Lorsque Joliflor reste exposé à la lumière du soleil, les feuilles autour de son corps se mettent à tournoyer. La danse de ce Pokémon est très célèbre dans les régions du sud.",""
"Marill","70","183","20","50","40","water","fairy","43228","2","0","Le bout de sa queue renferme une huile plus légère que l'eau qui fait office de flotteur.",""
"Azumarill","100","184","60","80","50","water","fairy","43248","2","0","Ses longues oreilles font un radar efficace. Elles décèlent les mouvements dans le lit des rivières.",""
"Simularbre","70","185","30","65","30","rock","","38.0","2","0","Très populaire, notamment chez les personnes âgées. Plus la partie verte est grande, plus ses fans se l'arrachent.",""
"Tarpaud","90","186","90","100","70","water","","33.9","2","0","Le cheveu bouclé sur la tête de Tarpaud est la preuve de son statut de roi. On raconte que plus son cheveu est long et bouclé, plus ce Pokémon est respecté par ses semblables.",""
"Granivol","35","187","35","55","50","grass","flying","0.5","2","0","Il dérive avec le vent. Sa présence en nombre dans les champs et les montagnes annonce le printemps.",""
"Floravol","55","188","45","65","80","grass","flying","1.0","2","0","Il étend ses pétales pour absorber la lumière du soleil. Il flotte pour se rapprocher du soleil.",""
"Cotovol","75","189","55","95","110","grass","flying","3.0","2","0","Même sous un vent très violent, il contrôle sa destination en bougeant ses appendices.",""
"Capumain","55","190","40","55","85","normal","","43231","2","0","Sa queue est si forte qu'il peut l'utiliser pour se suspendre aux branches des arbres.",""
"Tournegrin","30","191","30","30","30","grass","","43313","2","0","Il vit en buvant la rosée sur les feuilles. On dit qu'il ne peut rien avaler d'autre.",""
"Héliatronc","75","192","105","85","30","grass","","43228","2","0","À l'approche des beaux jours, les pétales entourant sa tête deviennent plus chatoyants.",""
"Yanma","65","193","75","45","95","bug","flying","38.0","2","0","Il voit à 360° sans avoir à tourner la tête. Il ne loupe jamais une proie, même dans son dos.",""
"Axoloto","55","194","25","25","15","water","ground","43228","2","0","Ce Pokémon vit en eaux froides. Il ne les quitte que pour se nourrir quand il fait froid à l'extérieur.",""
"Maraiste","95","195","65","65","35","water","ground","75.0","2","0","Ce Pokémon est très insouciant. Quand il nage, il fonce tête première dans la coque des bateaux.",""
"Mentali","65","196","130","95","110","psychic","","43246","2","0","Sa fourrure ultrasensible détecte les vibrations de l'air. Il peut ainsi prédire le temps ou lire les pensées adverses.",""
"Noctali","95","197","60","130","65","dark","","27.0","2","0","Son pelage noir lui permet de se fondre dans la nuit. Il attend que sa proie baisse sa garde pour l'attaquer en visant la gorge.",""
"Cornèbre","60","198","85","42","91","dark","flying","43102","2","0","Craint et peu aimé, il paraît qu'il porte malheur à ceux qui croisent son chemin la nuit.",""
"Roigada","95","199","100","110","30","water","psychic","79.5","2","0","Tous les jours, Roigada entreprend des recherches pour résoudre les mystères du monde. Cependant, ce Pokémon oublie tout ce qu'il a appris si le Kokiyas qui se trouve sur sa tête s'en va.",""
"Feuforêve","60","200","85","85","85","ghost","","1.0","2","0","Il ne recule devant rien pour effrayer les humains et leur voler leur énergie vitale. Pour cela, il s'entraîne régulièrement à faire peur.",""
"Zarbi","48","201","72","48","48","psychic","","5.0","2","0","Son corps plat et fin est toujours collé aux murs. On pense que sa forme a une signification.",""
"Qulbutoké","190","202","33","58","33","psychic","","43248","2","0","Pour cacher sa queue noire, il vit discrètement dans l'obscurité. Il n'attaque jamais le premier.",""
"Girafarig","70","203","90","65","85","normal","psychic","41.5","2","0","Sa queue possède un cerveau. Si vous vous en approchez, elle vous sentira et vous mordra.",""
"Pomdepik","50","204","35","35","15","bug","","43138","2","0","Il ressemble à une pomme de pin. Sa carapace le protège des Pokémon Oiseaux qui le picorent par erreur.",""
"Foretress","75","205","60","60","40","bug","steel","125.8","2","0","Il est totalement fixé à son arbre. Il lance des morceaux de sa carapace pour faire fuir son ennemi.",""
"Insolourdo","100","206","65","65","45","normal","","14.0","2","0","Son nid est un véritable labyrinthe qu'il creuse à l'aide de sa queue. Il sait à peine voler.",""
"Scorplane","65","207","35","65","85","ground","flying","64.8","2","0","Il vole droit vers le visage de sa cible effrayée et s'y accroche pour lui injecter son poison.",""
"Steelix","75","208","55","95","30","steel","ground","400.0","2","0","Grâce à la température élevée et à la haute pression souterraines, son corps est plus dur que le métal.",""
"Snubbull","60","209","40","40","30","fairy","","43319","2","0","Son visage horrible fait fuir les petits Pokémon. Par contre, les femmes le trouvent mignon.",""
"Granbull","90","210","60","60","45","fairy","","48.7","2","0","Encore plus peureux que Snubbull, son apparence ô combien trompeuse lui vaut un succès fou.",""
"Qwilfish","65","211","55","55","85","water","poison","43346","2","0","Son corps est recouvert de pics provenant de ses écailles. Ils sécrètent un poison étourdissant.",""
"Cizayox","70","212","65","100","75","bug","steel","118.0","2","0","Il utilise ses ailes pour réguler sa température corporelle, ce qui empêche sa carcasse d’acier de fondre en cas d’ardent combat.",""
"Caratroc","20","213","10","230","5","bug","rock","43240","2","0","Sa carapace, creuse comme une jarre, lui sert à stocker des Baies jusqu'à ce qu'elles se transforment en jus épais et parfumé.",""
"Scarhino","80","214","40","105","75","bug","fighting","54.0","2","0","Ce Pokémon est si puissant qu'il peut projeter ses ennemis en l'air grâce à ses cornes.",""
"Farfuret","55","215","35","75","115","dark","ice","28.0","2","0","Un Pokémon aussi roublard que fourbe. Il se glisse dans le nid des autres Pokémon en leur absence pour leur dérober leurs œufs.",""
"Teddiursa","60","216","50","50","40","normal","","43320","2","0","Il se fait des réserves de nourriture dans des cachettes avant l'arrivée de l'hiver.",""
"Ursaring","90","217","75","75","55","normal","","125.8","2","0","Avec sa capacité à sentir toute odeur, il trouve sans faillir de la nourriture enfouie dans le sol.",""
"Limagma","40","218","70","40","20","fire","","35.0","2","0","Son corps est fait de magma. S'il cesse de bouger, il refroidit et durcit.",""
"Volcaropod","60","219","90","80","30","fire","rock","55.0","2","0","Son corps en ébullition est aussi chaud que de la lave. Des flammes sortent de sa coquille.",""
"Marcacrin","50","220","30","30","50","ice","ground","43226","2","0","Il renifle le sol avec sa truffe pour y dénicher de la nourriture. Il trouve parfois des sources thermales.",""
"Cochignon","100","221","60","60","50","ice","ground","55.8","2","0","Bien que pourvu de courtes pattes, ses sabots sont pointus pour l'empêcher de glisser sur la glace.",""
"Corayon","65","222","65","95","35","water","rock","5.0","2","0","Des cornes de corail poussent sur la tête de ce Pokémon. Elles sont assez fragiles, mais repoussent en trois jours seulement.",""
"Rémoraid","35","223","65","35","65","water","","12.0","2","0","Surnommé « le tireur d'élite de la mer », il est capable de toucher à coup sûr une cible située à 100 m de distance grâce à son Pistolet à O.",""
"Octillery","75","224","105","75","45","water","","43248","2","0","Il dort dans les cavités rocheuses. L'encre noire qu'il projette sert aussi d'ingrédient de cuisine.",""
"Cadoizo","45","225","65","45","75","ice","flying","16.0","2","0","Il dépose sa nourriture dans sa queue enroulée. Il l'offre souvent aux gens égarés en montagne.",""
"Démanta","85","226","80","140","70","water","flying","220.0","2","0","Il peut planer au-dessus des vagues sur plus de 100 m en prenant son élan dans la mer.",""
"Airmure","65","227","40","70","70","steel","flying","50.5","2","0","Comme il fait son nid dans les ronces, ses petits s'endurcissent à force d'être sans cesse éraflés.",""
"Malosse","45","228","80","50","65","dark","fire","43322","2","0","Pour traquer leur proie, ils se localisent mutuellement avec des aboiements compris par eux seuls.",""
"Démolosse","75","229","140","90","115","dark","fire","35.0","2","0","Il crache des flammes empoisonnées pour achever ses proies, qu'il partage avec les autres membres de sa meute. ",""
"Hyporoi","75","230","95","95","85","water","dragon","152.0","2","0","On dit qu'il se cache dans les grottes sous-marines. Il peut créer des tourbillons en bâillant.",""
"Phanpy","90","231","40","40","40","ground","","33.5","2","0","Il est fort malgré son aspect ramassé. Il n'a aucun mal à porter un humain adulte sur son dos.",""
"Donphan","90","232","60","60","50","ground","","120.0","2","0","Plus grandes sont ses défenses, plus haut est son rang dans le troupeau. Elles poussent lentement.",""
"Porygon2","85","233","105","95","60","normal","","32.5","2","0","Des recherches poussées ont amélioré ses capacités. Il a appris de nouveaux mouvements.",""
"Cerfrousse","73","234","85","65","85","normal","","71.2","2","0","Ses bois tordus changent le flot de l'air et créent une distorsion spatiale dans la réalité.",""
"Queulorior","55","235","20","45","75","normal","","58.0","2","0","Ce Pokémon peint pour marquer son territoire. On reconnaît les villes peuplées de nombreux Queulorior à leurs murs recouverts de graffitis.",""
"Debugant","35","236","35","35","35","fighting","","21.0","2","0","Il est plein d'énergie. Il se bat tout le temps pour être plus fort, quitte à perdre un combat.",""
"Kapoera","50","237","35","110","70","fighting","","48.0","2","0","Si sa danse de coups de pied vous fascine, vous risquez de le regretter.",""
"Lippouti","45","238","85","65","65","ice","psychic","6.0","2","0","Ses lèvres sont la partie la plus sensible de son corps. Il les utilise pour examiner les objets.",""
"Élekid","45","239","65","55","95","electric","","43243","2","0","Ses cornes s'illuminent lorsqu'il fait tourner ses bras pour générer de l'électricité.",""
"Magby","45","240","70","55","83","fire","","43211","2","0","Ce Pokémon est souvent aperçu dans les régions volcaniques. Donnez-lui à manger et il vous déclarera sa flamme... littéralement.",""
"Écrémeuh","95","241","40","70","100","normal","","75.5","2","0","Son lait est aussi nutritif qu'hypercalorique. A consommer avec modération, sous peine de finir avec une silhouette "" Écrémeuh-esque "".",""
"Leuphorie","255","242","75","135","55","normal","","46.8","2","0","On dit que les œufs de Leuphorie seraient de véritables concentrés de bonheur, capables d'adoucir les Pokémon les plus hargneux.",""
"Raikou","90","243","115","100","115","electric","","178.0","2","1","Le nuage de pluie qu'il porte peut relâcher la foudre à volonté. On dit de lui qu'il est venu avec l'orage.",""
"Entei","115","244","90","75","100","fire","","198.0","2","1","On raconte qu'à chaque fois qu'il rugit, un volcan entre en éruption quelque part.",""
"Suicune","100","245","90","115","85","water","","187.0","2","1","Suicune incarne la tranquillité d'une source d'eau pure. Il parcourt les plaines avec grâce. Ce Pokémon a le pouvoir de purifier l'eau.",""
"Embrylex","50","246","45","50","41","rock","ground","72.0","2","0","Il naît sous terre et doit se frayer un chemin à coups de mâchoire pour rejoindre ses parents à la surface. Il déteste la lumière, qui l'éblouit.",""
"Ymphect","70","247","65","70","51","rock","ground","152.0","2","0","Son corps est dur comme la pierre souterraine. Il file comme une fusée en expulsant des gaz.",""
"Tyranocif","100","248","95","120","71","rock","dark","202.0","2","0","Il parcourt les montagnes à la recherche d'un adversaire. Si ce dernier n'est pas à la hauteur, il préfère l'ignorer et s'en aller.",""
"Lugia","106","249","90","154","110","psychic","flying","216.0","2","1","Il dort dans une faille des grands fonds. Ses battements d'ailes génèrent une tempête de 40 jours.",""
"Ho-Oh","106","250","110","154","90","fire","flying","199.0","2","1","Il ne se montre qu'à un Dresseur au cœur pur en dévoilant ses magnifiques ailes colorées.",""
"Celebi","100","251","100","100","100","psychic","grass","5.0","2","1","Ce Pokémon voyage dans le temps. Les forêts où il apparaît deviennent prodigieusement luxuriantes.",""
"Arcko","40","252","65","55","70","grass","","5.0","3","0","",""
"Massko","50","253","85","65","95","grass","","43272","3","0","",""
"Jungko","70","254","145","85","145","grass","","52.2","3","0","",""
"Poussifeu","45","255","70","50","45","fire","","43222","3","0","",""
"Galifeu","60","256","85","60","55","fire","fighting","43239","3","0","",""
"Braségali","80","257","130","80","100","fire","fighting","52.0","3","0","",""
"Gobou","50","258","50","50","40","water","","43258","3","0","",""
"Flobio","70","259","60","70","50","water","ground","28.0","3","0","",""
"Laggron","100","260","95","110","70","water","ground","81.9","3","0","",""
"Medhyèna","35","261","30","30","35","dark","","43264","3","0","",""
"Grahyèna","70","262","60","60","70","dark","","37.0","3","0","",""
"Zigzaton","38","263","30","41","60","normal","","43237","3","0","",""
"Linéon","78","264","50","61","100","normal","","32.5","3","0","",""
"Chenipotte","45","265","20","30","20","bug","","43254","3","0","",""
"Armulys","50","266","25","25","15","bug","","10.0","3","0","",""
"Charmillon","60","267","100","50","65","bug","flying","43218","3","0","",""
"Blindalys","50","268","25","25","15","bug","","43231","3","0","",""
"Papinox","60","269","50","90","65","bug","poison","31.6","3","0","",""
"Nénupiot","40","270","40","50","30","water","grass","43253","3","0","",""
"Lombre","60","271","60","70","50","water","grass","32.5","3","0","",""
"Ludicolo","80","272","90","100","70","water","grass","55.0","3","0","",""
"Grainipiot","40","273","30","30","30","grass","","4.0","3","0","",""
"Pifeuil","70","274","60","40","60","grass","dark","28.0","3","0","",""
"Tengalice","90","275","90","60","80","grass","dark","59.6","3","0","",""
"Nirondelle","40","276","30","30","85","normal","flying","43161","3","0","",""
"Hélédelle","60","277","75","50","125","normal","flying","43331","3","0","",""
"Goélise","40","278","55","30","85","water","flying","43229","3","0","",""
"Bekipan","60","279","95","70","65","water","flying","28.0","3","0","",""
"Tarsal","28","280","45","35","40","psychic","fairy","43257","3","0","",""
"Kirlia","38","281","65","55","50","psychic","fairy","43151","3","0","",""
"Gardevoir","68","282","165","135","100","psychic","fairy","48.4","3","0","",""
"Arakdo","40","283","50","52","65","bug","water","43282","3","0","",""
"Maskadra","70","284","100","82","80","bug","flying","43254","3","0","",""
"Balignon","60","285","40","60","35","grass","","43224","3","0","",""
"Chapignon","60","286","60","60","70","grass","fighting","39.2","3","0","",""
"Parecool","60","287","35","35","30","normal","","24.0","3","0","",""
"Vigoroth","80","288","55","55","90","normal","","46.5","3","0","",""
"Monaflèmit","150","289","95","65","100","normal","","130.5","3","0","",""
"Ningale","31","290","30","30","40","bug","ground","43225","3","0","",""
"Ninjask","61","291","50","50","160","bug","flying","12.0","3","0","",""
"Munja","1","292","30","30","40","bug","ghost","43132","3","0","",""
"Chuchmur","64","293","51","23","28","normal","","43175","3","0","",""
"Ramboum","84","294","71","43","48","normal","","40.5","3","0","",""
"Brouhabam","104","295","91","73","68","normal","","84.0","3","0","",""
"Makuhita","72","296","20","30","25","fighting","","86.4","3","0","",""
"Hariyama","144","297","40","60","50","fighting","","253.8","3","0","",""
"Azurill","50","298","20","40","20","normal","fairy","2.0","3","0","",""
"Tarinor","30","299","45","90","30","rock","","97.0","3","0","",""
"Skitty","50","300","35","35","50","normal","","11.0","3","0","",""
"Delcatty","70","301","55","55","90","normal","","32.6","3","0","",""
"Ténéfix","50","302","85","115","20","dark","ghost","11.0","3","0","",""
"Mysdibule","50","303","55","95","50","steel","fairy","43231","3","0","",""
"Galekid","50","304","40","40","30","steel","rock","60.0","3","0","",""
"Galegon","60","305","50","50","40","steel","rock","120.0","3","0","",""
"Galeking","70","306","60","80","50","steel","rock","360.0","3","0","",""
"Méditikka","30","307","40","55","60","fighting","psychic","43142","3","0","",""
"Charmina","60","308","80","85","100","fighting","psychic","43251","3","0","",""
"Dynavolt","40","309","65","40","65","electric","","43146","3","0","",""
"Élecsprint","70","310","135","80","135","electric","","40.2","3","0","",""
"Posipi","60","311","85","75","95","electric","","43135","3","0","",""
"Négapi","60","312","75","85","95","electric","","43135","3","0","",""
"Muciole","65","313","47","85","85","bug","","43298","3","0","",""
"Lumivole","65","314","73","85","85","bug","","43298","3","0","",""
"Rosélia","50","315","100","80","65","grass","poison","2.0","3","0","",""
"Gloupti","70","316","43","53","40","poison","","43169","3","0","",""
"Avaltout","100","317","73","83","55","poison","","80.0","3","0","",""
"Carvanha","45","318","65","20","65","water","dark","43332","3","0","",""
"Sharpedo","70","319","110","65","105","water","dark","88.8","3","0","",""
"Wailmer","130","320","70","35","60","water","","130.0","3","0","",""
"Wailord","170","321","90","45","60","water","","398.0","3","0","",""
"Chamallot","60","322","65","45","35","fire","ground","24.0","3","0","",""
"Camérupt","70","323","145","105","20","fire","ground","220.0","3","0","",""
"Chartor","70","324","85","70","20","fire","","80.4","3","0","",""
"Spoink","60","325","70","80","60","psychic","","43281","3","0","",""
"Groret","80","326","90","110","80","psychic","","71.5","3","0","",""
"Spinda","60","327","60","60","60","normal","","5.0","3","0","",""
"Kraknoix","45","328","45","45","10","ground","","15.0","3","0","",""
"Vibraninf","50","329","50","50","70","ground","dragon","43174","3","0","",""
"Libégon","80","330","80","80","100","ground","dragon","82.0","3","0","",""
"Cacnea","50","331","85","40","35","grass","","51.3","3","0","",""
"Cacturne","70","332","115","60","55","grass","dark","77.4","3","0","",""
"Tylton","45","333","40","75","50","normal","flying","43132","3","0","",""
"Altaria","75","334","110","105","80","dragon","flying","43271","3","0","",""
"Mangriff","73","335","60","60","90","normal","","40.3","3","0","",""
"Séviper","73","336","100","60","65","poison","","52.5","3","0","",""
"Séléroc","90","337","95","85","70","rock","psychic","168.0","3","0","",""
"Solaroc","90","338","55","65","70","rock","psychic","154.0","3","0","",""
"Barloche","50","339","46","41","60","water","ground","43344","3","0","",""
"Barbicha","110","340","76","71","60","water","ground","43274","3","0","",""
"Écrapince","43","341","50","35","35","water","","43231","3","0","",""
"Colhomard","63","342","90","55","55","water","dark","32.8","3","0","",""
"Balbuto","40","343","40","70","55","ground","psychic","43241","3","0","",""
"Kaorine","60","344","70","120","75","ground","psychic","108.0","3","0","",""
"Lilia","66","345","61","87","23","rock","grass","43335","3","0","",""
"Vacilys","86","346","81","107","43","rock","grass","60.4","3","0","",""
"Anorith","45","347","40","50","75","rock","bug","43232","3","0","",""
"Armaldo","75","348","70","80","45","rock","bug","68.2","3","0","",""
"Barpau","20","349","10","55","80","water","","43197","3","0","",""
"Milobellus","95","350","100","125","81","water","","162.0","3","0","",""
"Morphéo","70","351","70","70","70","normal","","0.8","3","0","",""
"Kecleon","60","352","60","120","40","normal","","22.0","3","0","",""
"Polichombr","44","353","63","33","45","ghost","","43161","3","0","",""
"Branette","64","354","93","83","75","ghost","","43232","3","0","",""
"Skelénox","20","355","30","90","25","ghost","","15.0","3","0","",""
"Téraclope","40","356","60","130","25","ghost","","43281","3","0","",""
"Tropius","99","357","72","87","51","grass","flying","100.0","3","0","",""
"Éoko","75","358","95","90","65","psychic","","1.0","3","0","",""
"Absol","65","359","115","60","115","dark","","47.0","3","0","",""
"Okéoké","95","360","23","48","23","psychic","","14.0","3","0","",""
"Stalgamin","50","361","50","50","50","ice","","43328","3","0","",""
"Oniglali","80","362","120","80","100","ice","","256.5","3","0","",""
"Obalie","70","363","55","50","25","ice","water","39.5","3","0","",""
"Phogleur","90","364","75","70","45","ice","water","87.6","3","0","",""
"Kaimorse","110","365","95","90","65","ice","water","150.6","3","0","",""
"Coquiperl","35","366","74","55","32","water","","52.5","3","0","",""
"Serpang","55","367","94","75","52","water","","27.0","3","0","",""
"Rosabyss","55","368","114","75","52","water","","43273","3","0","",""
"Relicanth","100","369","45","65","55","water","rock","43213","3","0","",""
"Lovdisc","43","370","40","65","97","water","","43289","3","0","",""
"Draby","45","371","40","30","50","dragon","","42.1","3","0","",""
"Drackhaus","65","372","60","50","50","dragon","","110.5","3","0","",""
"Drattak","95","373","120","90","120","dragon","flying","102.6","3","0","",""
"Terhal","40","374","35","60","30","steel","psychic","95.2","3","0","",""
"Métang","60","375","55","80","50","steel","psychic","202.5","3","0","",""
"Métalosse","80","376","105","110","110","steel","psychic","550.0","3","0","",""
"Regirock","80","377","50","100","50","rock","","230.0","3","1","",""
"Regice","80","378","100","200","50","ice","","175.0","3","1","",""
"Registeel","80","379","75","150","50","steel","","205.0","3","1","",""
"Latias","80","380","140","150","110","dragon","psychic","40.0","3","1","",""
"Latios","80","381","160","120","110","dragon","psychic","60.0","3","1","",""
"Kyogre","100","382","180","160","90","water","","352.0","3","1","",""
"Groudon","100","383","150","90","90","ground","","950.0","3","1","",""
"Rayquaza","105","384","180","100","115","dragon","flying","206.5","3","1","",""
"Jirachi","100","385","100","100","100","steel","psychic","43101","3","1","",""
"Deoxys","50","386","95","90","180","psychic","","60.8","3","1","",""
"Tortipouss","55","387","45","55","31","grass","","43141","4","0","",""
"Boskara","75","388","55","65","36","grass","","97.0","4","0","",""
"Torterra","95","389","75","85","56","grass","ground","310.0","4","0","",""
"Ouisticram","44","390","58","44","61","fire","","43137","4","0","",""
"Chimpenfeu","64","391","78","52","81","fire","fighting","22.0","4","0","",""
"Simiabraz","76","392","104","71","108","fire","fighting","55.0","4","0","",""
"Tiplouf","53","393","61","56","40","water","","43136","4","0","",""
"Prinplouf","64","394","81","76","50","water","","23.0","4","0","",""
"Pingoléon","84","395","111","101","60","water","steel","84.5","4","0","",""
"Étourmi","40","396","30","30","60","normal","flying","2.0","4","0","",""
"Étourvol","55","397","40","40","80","normal","flying","43235","4","0","",""
"Étouraptor","85","398","50","60","100","normal","flying","43367","4","0","",""
"Keunotor","59","399","35","40","31","normal","","20.0","4","0","",""
"Castorno","79","400","55","60","71","normal","water","43251","4","0","",""
"Crikzik","37","401","25","41","25","bug","","43133","4","0","",""
"Mélokrik","77","402","55","51","65","bug","","43245","4","0","",""
"Lixy","45","403","40","34","45","electric","","43229","4","0","",""
"Luxio","60","404","60","49","60","electric","","43250","4","0","",""
"Luxray","80","405","95","79","70","electric","","42.0","4","0","",""
"Rozbouton","40","406","50","70","55","grass","poison","43132","4","0","",""
"Roserade","60","407","125","105","90","grass","poison","43234","4","0","",""
"Kranidos","67","408","30","30","58","rock","","43251","4","0","",""
"Charkos","97","409","65","50","58","rock","","102.5","4","0","",""
"Dinoclier","30","410","42","88","30","rock","steel","57.0","4","0","",""
"Bastiodon","60","411","47","138","30","rock","steel","149.5","4","0","",""
"Cheniti","40","412","29","45","36","bug","","43193","4","0","",""
"Cheniselle","60","413","69","95","36","bug","grass","43226","4","0","",""
"Papilord","70","414","94","50","66","bug","flying","43182","4","0","",""
"Apitrini","30","415","30","42","70","bug","flying","43225","4","0","",""
"Apireine","70","416","80","102","40","bug","flying","38.5","4","0","",""
"Pachirisu","60","417","45","90","95","electric","","43346","4","0","",""
"Mustébouée","55","418","60","30","85","water","","43249","4","0","",""
"Mustéflott","85","419","85","50","115","water","","33.5","4","0","",""
"Ceribou","45","420","62","53","35","grass","","43162","4","0","",""
"Ceriflor","70","421","87","78","85","grass","","43168","4","0","",""
"Sancoki","76","422","57","62","34","water","","43165","4","0","",""
"Tritosor","111","423","92","82","39","water","ground","43372","4","0","",""
"Capidextre","75","424","60","66","115","normal","","43179","4","0","",""
"Baudrive","90","425","60","44","70","ghost","flying","43132","4","0","",""
"Grodrive","150","426","90","54","80","ghost","flying","15.0","4","0","",""
"Laporeille","55","427","44","56","85","normal","","43225","4","0","",""
"Lockpin","65","428","54","96","135","normal","","33.3","4","0","",""
"Magirêve","60","429","105","105","105","ghost","","43194","4","0","",""
"Corboss","100","430","105","52","71","dark","flying","43186","4","0","",""
"Chaglam","49","431","42","37","85","normal","","43346","4","0","",""
"Chaffreux","71","432","64","59","112","normal","","43.8","4","0","",""
"Korillon","45","433","65","50","45","psychic","","0.6","4","0","",""
"Moufouette","63","434","41","41","74","poison","dark","43150","4","0","",""
"Moufflair","103","435","71","61","84","poison","dark","38.0","4","0","",""
"Archéomire","57","436","24","86","23","steel","psychic","60.5","4","0","",""
"Archéodong","67","437","79","116","33","steel","psychic","187.0","4","0","",""
"Manzaï","50","438","10","45","10","rock","","15.0","4","0","",""
"Mime Jr.","20","439","70","90","60","psychic","fairy","13.0","4","0","",""
"Ptiravi","100","440","15","65","30","normal","","43214","4","0","",""
"Pijako","76","441","92","42","91","normal","flying","43344","4","0","",""
"Spiritomb","50","442","92","108","35","ghost","dark","108.0","4","0","",""
"Griknot","58","443","40","45","42","dragon","ground","43240","4","0","",""
"Carmache","68","444","50","55","82","dragon","ground","56.0","4","0","",""
"Carchacrok","108","445","120","95","92","dragon","ground","95.0","4","0","",""
"Goinfrex","135","446","40","85","5","normal","","105.0","4","0","",""
"Riolu","40","447","35","40","60","fighting","","43151","4","0","",""
"Lucario","70","448","140","70","112","fighting","steel","54.0","4","0","",""
"Hippopotas","68","449","38","42","32","ground","","49.5","4","0","",""
"Hippodocus","108","450","68","72","47","ground","","300.0","4","0","",""
"Rapion","40","451","30","55","65","poison","bug","12.0","4","0","",""
"Drascore","70","452","60","75","95","poison","dark","61.5","4","0","",""
"Cradopaud","48","453","61","40","50","poison","fighting","23.0","4","0","",""
"Coatox","83","454","86","65","85","poison","fighting","44.4","4","0","",""
"Vortente","74","455","90","72","46","grass","","27.0","4","0","",""
"Écayon","49","456","49","61","66","water","","7.0","4","0","",""
"Luminéon","69","457","69","86","91","water","","24.0","4","0","",""
"Babimanta","45","458","60","120","50","water","flying","65.0","4","0","",""
"Blizzi","60","459","62","60","40","grass","ice","50.5","4","0","",""
"Blizzaroi","90","460","132","105","30","grass","ice","135.5","4","0","",""
"Dimoret","70","461","45","85","125","dark","ice","34.0","4","0","",""
"Magnézone","70","462","130","90","60","electric","steel","180.0","4","0","",""
"Coudlangue","110","463","80","95","50","normal","","140.0","4","0","",""
"Rhinastoc","115","464","55","55","40","ground","rock","282.8","4","0","",""
"Bouldeneu","100","465","110","50","50","grass","","128.6","4","0","",""
"Élekable","75","466","95","85","95","electric","","138.6","4","0","",""
"Maganon","75","467","125","95","83","fire","","68.0","4","0","",""
"Togekiss","85","468","120","115","80","fairy","flying","38.0","4","0","",""
"Yanmega","86","469","116","56","95","bug","flying","51.5","4","0","",""
"Phyllali","65","470","60","65","95","grass","","43245","4","0","",""
"Givrali","65","471","130","95","65","ice","","43368","4","0","",""
"Scorvol","75","472","45","75","95","ground","flying","42.5","4","0","",""
"Mammochon","110","473","70","60","80","ice","ground","291.0","4","0","",""
"Porygon-Z","85","474","135","75","90","normal","","34.0","4","0","",""
"Gallame","68","475","65","115","110","psychic","fighting","52.0","4","0","",""
"Tarinorme","60","476","75","150","40","rock","steel","340.0","4","0","",""
"Noctunoir","45","477","65","135","45","ghost","","106.6","4","0","",""
"Momartik","70","478","80","70","110","ice","ghost","43277","4","0","",""
"Motisma","50","479","105","107","86","electric","ghost","0.3","4","0","",""
"Créhelf","75","480","75","130","95","psychic","","0.3","4","1","",""
"Créfollet","80","481","105","105","80","psychic","","0.3","4","1","",""
"Créfadet","75","482","125","70","115","psychic","","0.3","4","1","",""
"Dialga","100","483","150","100","90","steel","dragon","683.0","4","1","",""
"Palkia","90","484","150","120","100","water","dragon","336.0","4","1","",""
"Heatran","91","485","130","106","77","fire","steel","430.0","4","1","",""
"Regigigas","110","486","80","110","100","normal","","420.0","4","1","",""
"Giratina","150","487","120","100","90","ghost","dragon","750.0","4","1","",""
"Cresselia","120","488","75","130","85","psychic","","85.6","4","1","",""
"Phione","80","489","80","80","80","water","","43103","4","0","",""
"Manaphy","100","490","100","100","100","water","","43191","4","1","",""
"Darkrai","70","491","135","90","125","dark","","50.5","4","1","",""
"Shaymin","100","492","120","75","127","grass","grass","43102","4","1","",""
"Arceus","120","493","120","120","120","normal","","320.0","4","1","",""
"Victini","100","494","100","100","100","psychic","fire","4.0","5","1","",""
"Vipélierre","45","495","45","55","63","grass","","43108","5","0","",""
"Lianaja","60","496","60","75","83","grass","","16.0","5","0","",""
"Majaspic","75","497","75","95","113","grass","","63.0","5","0","",""
"Gruikui","65","498","45","45","45","fire","","43352","5","0","",""
"Grotichon","90","499","70","55","55","fire","fighting","55.5","5","0","",""
"Roitiflam","110","500","100","65","65","fire","fighting","150.0","5","0","",""
"Moustillon","55","501","63","45","45","water","","43348","5","0","",""
"Mateloutre","75","502","83","60","60","water","","43244","5","0","",""
"Clamiral","95","503","108","70","70","water","","94.6","5","0","",""
"Ratentif","45","504","35","39","42","normal","","43262","5","0","",""
"Miradar","60","505","60","69","77","normal","","27.0","5","0","",""
"Ponchiot","45","506","25","45","55","normal","","43104","5","0","",""
"Ponchien","65","507","35","65","60","normal","","43295","5","0","",""
"Mastouffe","85","508","45","90","80","normal","","61.0","5","0","",""
"Chacripan","41","509","50","37","66","dark","","43110","5","0","",""
"Léopardus","64","510","88","50","106","dark","","37.5","5","0","",""
"Feuillajou","50","511","53","48","64","grass","","43230","5","0","",""
"Feuiloutan","75","512","98","63","101","grass","","43250","5","0","",""
"Flamajou","50","513","53","48","64","fire","","11.0","5","0","",""
"Flamoutan","75","514","98","63","101","fire","","28.0","5","0","",""
"Flotajou","50","515","53","48","64","water","","43233","5","0","",""
"Flotoutan","75","516","98","63","101","water","","29.0","5","0","",""
"Munna","76","517","67","55","24","psychic","","43182","5","0","",""
"Mushana","116","518","107","95","29","psychic","","60.5","5","0","",""
"Poichigeon","50","519","36","30","43","normal","flying","43102","5","0","",""
"Colombeau","62","520","50","42","65","normal","flying","15.0","5","0","",""
"Déflaisan","80","521","65","55","93","normal","flying","29.0","5","0","",""
"Zébibron","45","522","50","32","76","electric","","43341","5","0","",""
"Zéblitz","75","523","80","63","116","electric","","79.5","5","0","",""
"Nodulithe","55","524","25","25","15","rock","","18.0","5","0","",""
"Géolithe","70","525","50","40","20","rock","","102.0","5","0","",""
"Gigalithe","85","526","60","80","25","rock","","260.0","5","0","",""
"Chovsourir","65","527","55","43","72","psychic","flying","43102","5","0","",""
"Rhinolove","67","528","77","55","114","psychic","flying","43230","5","0","",""
"Rototaupe","60","529","30","45","68","ground","","43228","5","0","",""
"Minotaupe","110","530","50","65","88","ground","steel","40.4","5","0","",""
"Nanméouïe","103","531","80","126","50","normal","","31.0","5","0","",""
"Charpenti","75","532","25","35","35","fighting","","43232","5","0","",""
"Ouvrifier","85","533","40","50","40","fighting","","40.0","5","0","",""
"Bétochef","105","534","55","65","45","fighting","","87.0","5","0","",""
"Tritonde","50","535","50","40","64","water","","43224","5","0","",""
"Batracné","75","536","65","55","69","water","ground","17.0","5","0","",""
"Crapustule","105","537","85","75","74","water","ground","62.0","5","0","",""
"Judokrak","120","538","30","85","45","fighting","","55.5","5","0","",""
"Karaclée","75","539","30","75","85","fighting","","51.0","5","0","",""
"Larveyette","45","540","40","60","42","bug","grass","43222","5","0","",""
"Couverdure","55","541","50","80","42","bug","grass","43166","5","0","",""
"Manternel","75","542","70","80","92","bug","grass","43240","5","0","",""
"Venipatte","30","543","30","39","57","bug","poison","43164","5","0","",""
"Scobolide","40","544","40","79","47","bug","poison","58.5","5","0","",""
"Brutapode","60","545","55","69","112","bug","poison","200.5","5","0","",""
"Doudouvet","40","546","37","50","66","grass","fairy","0.6","5","0","",""
"Farfaduvet","60","547","77","75","116","grass","fairy","43257","5","0","",""
"Chlorobule","45","548","70","50","30","grass","","43257","5","0","",""
"Fragilady","70","549","110","75","90","grass","","43175","5","0","",""
"Bargantua","70","550","80","55","98","water","","18.0","5","0","",""
"Mascaïman","50","551","35","35","65","ground","dark","43146","5","0","",""
"Escroco","60","552","45","45","74","ground","dark","33.4","5","0","",""
"Crocorible","95","553","65","70","92","ground","dark","96.3","5","0","",""
"Darumarond","70","554","15","45","50","fire","","37.5","5","0","",""
"Darumacho","105","555","140","105","55","fire","fire","92.9","5","0","",""
"Maracachi","75","556","106","67","60","grass","","28.0","5","0","",""
"Crabicoque","50","557","35","35","55","bug","rock","43234","5","0","",""
"Crabaraque","70","558","65","75","45","bug","rock","200.0","5","0","",""
"Baggiguane","50","559","35","70","48","dark","fighting","43323","5","0","",""
"Baggaïd","65","560","45","115","58","dark","fighting","30.0","5","0","",""
"Cryptéro","72","561","103","80","97","psychic","flying","14.0","5","0","",""
"Tutafeh","38","562","55","65","30","ghost","","43221","5","0","",""
"Tutankafer","58","563","95","105","30","ghost","","76.5","5","0","",""
"Carapagos","54","564","53","45","22","water","rock","43236","5","0","",""
"Mégapagos","74","565","83","65","32","water","rock","81.0","5","0","",""
"Arkéapti","55","566","74","45","70","rock","flying","43229","5","0","",""
"Aéroptéryx","75","567","112","65","110","rock","flying","32.0","5","0","",""
"Miamiasme","50","568","40","62","65","poison","","31.0","5","0","",""
"Miasmax","80","569","60","82","75","poison","","107.3","5","0","",""
"Zorua","40","570","80","40","65","dark","","43232","5","0","",""
"Zoroark","60","571","120","60","105","dark","","81.1","5","0","",""
"Chinchidou","55","572","40","40","75","normal","","43317","5","0","",""
"Pashmilla","75","573","65","60","115","normal","","43227","5","0","",""
"Scrutella","45","574","55","65","45","psychic","","43317","5","0","",""
"Mesmérella","60","575","75","85","55","psychic","","18.0","5","0","",""
"Sidérella","70","576","95","110","65","psychic","","44.0","5","0","",""
"Nucléos","45","577","105","50","20","psychic","","1.0","5","0","",""
"Méios","65","578","125","60","30","psychic","","8.0","5","0","",""
"Symbios","110","579","125","85","30","psychic","","43120","5","0","",""
"Couaneton","62","580","44","50","55","water","flying","43225","5","0","",""
"Lakmécygne","75","581","87","63","98","water","flying","43155","5","0","",""
"Sorbébé","36","582","65","60","44","ice","","43286","5","0","",""
"Sorboul","51","583","80","75","59","ice","","41.0","5","0","",""
"Sorbouboul","71","584","110","95","79","ice","","57.5","5","0","",""
"Vivaldaim","60","585","40","50","75","normal","grass","43239","5","0","",""
"Haydaim","80","586","60","70","95","normal","grass","92.5","5","0","",""
"Emolga","55","587","75","60","103","electric","flying","5.0","5","0","",""
"Carabing","50","588","40","45","60","bug","","43348","5","0","",""
"Lançargot","70","589","60","105","20","bug","steel","33.0","5","0","",""
"Trompignon","69","590","55","55","15","grass","poison","1.0","5","0","",""
"Gaulet","114","591","85","80","30","grass","poison","43230","5","0","",""
"Viskuse","55","592","65","85","40","water","ghost","33.0","5","0","",""
"Moyade","100","593","85","105","60","water","ghost","135.0","5","0","",""
"Mamanbo","165","594","40","45","65","water","","31.6","5","0","",""
"Statitik","50","595","57","50","65","bug","electric","0.6","5","0","",""
"Mygavolt","70","596","97","60","108","bug","electric","43173","5","0","",""
"Grindur","44","597","24","86","10","grass","steel","43330","5","0","",""
"Noacier","74","598","54","116","20","grass","steel","110.0","5","0","",""
"Tic","40","599","45","60","30","steel","","21.0","5","0","",""
"Clic","60","600","70","85","50","steel","","51.0","5","0","",""
"Cliticlic","60","601","70","85","90","steel","","81.0","5","0","",""
"Anchwatt","35","602","45","40","60","electric","","0.3","5","0","",""
"Lampéroie","65","603","75","70","40","electric","","22.0","5","0","",""
"Ohmassacre","85","604","105","80","50","electric","","80.5","5","0","",""
"Lewsor","55","605","85","55","30","psychic","","9.0","5","0","",""
"Neitram","75","606","125","95","40","psychic","","34.5","5","0","",""
"Funécire","50","607","65","55","20","ghost","fire","43103","5","0","",""
"Mélancolux","60","608","95","60","55","ghost","fire","13.0","5","0","",""
"Lugulabre","60","609","145","90","80","ghost","fire","34.3","5","0","",""
"Coupenotte","46","610","30","40","57","dragon","","18.0","5","0","",""
"Incisache","66","611","40","50","67","dragon","","36.0","5","0","",""
"Tranchodon","76","612","60","70","97","dragon","","105.5","5","0","",""
"Polarhume","55","613","60","40","40","ice","","43228","5","0","",""
"Polagriffe","95","614","70","80","50","ice","","260.0","5","0","",""
"Hexagel","80","615","95","135","105","ice","","148.0","5","0","",""
"Escargaume","50","616","40","65","25","bug","","43288","5","0","",""
"Limaspeed","80","617","100","60","145","bug","","43184","5","0","",""
"Limonde","109","618","81","99","32","ground","electric","11.0","5","0","",""
"Kungfouine","45","619","55","50","65","fighting","","20.0","5","0","",""
"Shaofouine","65","620","95","60","105","fighting","","35.5","5","0","",""
"Drakkarmin","77","621","60","90","48","dragon","","139.0","5","0","",""
"Gringolem","59","622","35","50","35","ground","ghost","92.0","5","0","",""
"Golemastoc","89","623","55","80","55","ground","ghost","330.0","5","0","",""
"Scalpion","45","624","40","40","60","dark","steel","43141","5","0","",""
"Scalproie","65","625","60","70","70","dark","steel","70.0","5","0","",""
"Frison","95","626","40","95","55","normal","","94.6","5","0","",""
"Furaiglon","70","627","37","50","60","normal","flying","43230","5","0","",""
"Gueriaigle","100","628","57","75","80","normal","flying","41.0","5","0","",""
"Vostourno","70","629","45","65","60","dark","flying","9.0","5","0","",""
"Vaututrice","110","630","55","95","80","dark","flying","39.5","5","0","",""
"Aflamanoir","85","631","105","66","65","fire","","58.0","5","0","",""
"Fermite","58","632","48","48","109","bug","steel","33.0","5","0","",""
"Solochi","52","633","45","50","38","dark","dragon","43176","5","0","",""
"Diamat","72","634","65","70","58","dark","dragon","50.0","5","0","",""
"Trioxhydre","92","635","125","90","98","dark","dragon","160.0","5","0","",""
"Pyronille","55","636","50","55","60","bug","fire","43340","5","0","",""
"Pyrax","85","637","135","105","100","bug","fire","46.0","5","0","",""
"Cobaltium","91","638","90","72","108","steel","fighting","250.0","5","1","",""
"Terrakium","91","639","72","90","108","rock","fighting","260.0","5","1","",""
"Viridium","91","640","90","129","108","grass","fighting","200.0","5","1","",""
"Boréas","79","641","110","90","121","flying","","63.0","5","1","",""
"Fulguris","79","642","145","80","101","electric","flying","61.0","5","1","",""
"Reshiram","100","643","150","120","90","dragon","fire","330.0","5","1","",""
"Zekrom","100","644","120","100","90","dragon","electric","345.0","5","1","",""
"Démétéros","89","645","105","80","91","ground","flying","68.0","5","1","",""
"Kyurem","125","646","170","100","95","dragon","ice","325.0","5","1","",""
"Keldeo","91","647","129","90","108","water","fighting","48.5","5","1","",""
"Meloetta","100","648","77","77","128","normal","psychic","43226","5","1","",""
"Genesect","71","649","120","95","99","bug","steel","82.5","5","1","",""
"Marisson","56","650","48","45","38","grass","","9.0","6","0","",""
"Boguérisse","61","651","56","58","57","grass","","29.0","6","0","",""
"Blindépique","88","652","74","75","64","grass","fighting","90.0","6","0","",""
"Feunnec","40","653","62","60","60","fire","","43199","6","0","",""
"Roussil","59","654","90","70","73","fire","","43234","6","0","",""
"Goupelin","75","655","114","100","104","fire","psychic","39.0","6","0","",""
"Grenousse","41","656","62","44","71","water","","7.0","6","0","",""
"Croâporal","54","657","83","56","97","water","","43353","6","0","",""
"Amphinobi","72","658","153","71","132","water","dark","40.0","6","0","",""
"Sapereau","38","659","32","36","57","normal","","5.0","6","0","",""
"Excavarenne","85","660","50","77","78","normal","ground","42.4","6","0","",""
"Passerouge","45","661","40","38","62","normal","flying","43282","6","0","",""
"Braisillon","62","662","56","52","84","fire","flying","16.0","6","0","",""
"Flambusard","78","663","74","69","126","fire","flying","43244","6","0","",""
"Lépidonille","38","664","27","25","35","bug","","43222","6","0","",""
"Pérégrain","45","665","27","30","29","bug","","43198","6","0","",""
"Prismillon","80","666","90","50","89","bug","flying","17.0","6","0","",""
"Hélionceau","62","667","73","54","72","fire","normal","43233","6","0","",""
"Némélios","86","668","109","66","106","fire","normal","81.5","6","0","",""
"Flabébé","44","669","61","79","42","fairy","","0.1","6","0","",""
"Floette","74","670","125","128","92","fairy","","0.9","6","0","",""
"Florges","78","671","112","154","75","fairy","","10.0","6","0","",""
"Cabriolaine","66","672","62","57","52","grass","","31.0","6","0","",""
"Chevroum","123","673","97","81","68","grass","","91.0","6","0","",""
"Pandespiègle","67","674","46","48","43","fighting","","8.0","6","0","",""
"Pandarbare","95","675","69","71","58","fighting","dark","136.0","6","0","",""
"Couafarel","75","676","65","90","102","normal","","28.0","6","0","",""
"Psystigri","62","677","63","60","68","psychic","","43223","6","0","",""
"Mistigrix","74","678","83","81","104","psychic","","43228","6","0","",""
"Monorpale","45","679","35","37","28","steel","ghost","2.0","6","0","",""
"Dimoclès","59","680","45","49","35","steel","ghost","43224","6","0","",""
"Exagide","60","681","150","50","60","steel","ghost","53.0","6","0","",""
"Fluvetin","78","682","63","65","23","fairy","","0.5","6","0","",""
"Cocotine","101","683","99","89","29","fairy","","43235","6","0","",""
"Sucroquin","62","684","59","57","49","fairy","","43223","6","0","",""
"Cupcanaille","82","685","85","75","72","fairy","","5.0","6","0","",""
"Sepiatop","53","686","37","46","45","dark","psychic","43223","6","0","",""
"Sepiatroce","86","687","68","75","73","dark","psychic","47.0","6","0","",""
"Opermine","42","688","39","56","50","rock","water","31.0","6","0","",""
"Golgopathe","72","689","54","86","68","rock","water","96.0","6","0","",""
"Venalgue","50","690","60","60","30","poison","water","43166","6","0","",""
"Kravarech","65","691","97","123","44","poison","dragon","81.5","6","0","",""
"Flingouste","50","692","58","63","44","water","","43167","6","0","",""
"Gamblast","71","693","120","89","59","water","","35.3","6","0","",""
"Galvaran","44","694","61","43","70","electric","normal","6.0","6","0","",""
"Iguolta","62","695","109","94","109","electric","normal","21.0","6","0","",""
"Ptyranidur","58","696","45","45","48","rock","dragon","26.0","6","0","",""
"Rexillius","82","697","69","59","71","rock","dragon","270.0","6","0","",""
"Amagara","77","698","67","63","46","rock","ice","43156","6","0","",""
"Dragmara","123","699","99","92","58","rock","ice","225.0","6","0","",""
"Nymphali","95","700","110","130","60","fairy","","43243","6","0","",""
"Brutalibré","78","701","74","63","118","fighting","flying","43241","6","0","",""
"Dedenne","67","702","81","67","101","electric","fairy","43133","6","0","",""
"Strassie","50","703","50","150","50","rock","fairy","43286","6","0","",""
"Mucuscule","45","704","55","75","40","dragon","","43314","6","0","",""
"Colimucus","68","705","83","113","60","dragon","","43237","6","0","",""
"Muplodocus","90","706","110","150","80","dragon","","150.5","6","0","",""
"Trousselin","57","707","80","87","75","steel","fairy","3.0","6","0","",""
"Brocélôme","43","708","50","60","38","ghost","grass","7.0","6","0","",""
"Desséliande","85","709","65","82","56","ghost","grass","71.0","6","0","",""
"Pitrouille","59","710","44","55","41","ghost","grass","15.0","6","0","",""
"Banshitrouye","85","711","58","75","54","ghost","grass","39.0","6","0","",""
"Grelaçon","55","712","32","35","28","ice","","99.5","6","0","",""
"Séracrawl","95","713","44","46","28","ice","","505.0","6","0","",""
"Sonistrelle","40","714","45","40","55","flying","dragon","8.0","6","0","",""
"Bruyverne","85","715","97","80","123","flying","dragon","85.0","6","0","",""
"Xerneas","126","716","131","98","99","fairy","","215.0","6","1","",""
"Yveltal","126","717","131","98","99","dark","flying","203.0","6","1","",""
"Zygarde","216","718","91","95","85","dragon","ground","284.6","6","1","",""
"Diancie","50","719","160","110","110","rock","fairy","43320","6","1","",""
"Hoopa","80","720","170","130","80","psychic","ghost","","6","1","",""
"Volcanion","80","721","130","90","70","fire","water","195.0","6","1","",""
"Brindibou","68","722","50","50","42","grass","flying","43221","7","0","",""
"Efflèche","78","723","70","70","52","grass","flying","16.0","7","0","",""
"Archéduc","78","724","100","100","70","grass","ghost","36.6","7","0","",""
"Flamiaou","45","725","60","40","70","fire","","43163","7","0","",""
"Matoufeu","65","726","80","50","90","fire","","25.0","7","0","",""
"Félinferno","95","727","80","90","60","fire","dark","83.0","7","0","",""
"Otaquin","50","728","66","56","40","water","","43227","7","0","",""
"Oterlette","60","729","91","81","50","water","","43237","7","0","",""
"Oratoria","80","730","126","116","60","water","fairy","44.0","7","0","",""
"Picassaut","35","731","30","30","65","normal","flying","43132","7","0","",""
"Piclairon","55","732","40","50","75","normal","flying","43326","7","0","",""
"Bazoucan","80","733","75","75","60","normal","flying","26.0","7","0","",""
"Manglouton","48","734","30","30","45","normal","","6.0","7","0","",""
"Argouste","88","735","55","60","45","normal","","43145","7","0","",""
"Larvibule","47","736","55","45","46","bug","","43194","7","0","",""
"Chrysapile","57","737","55","75","36","bug","electric","43230","7","0","",""
"Lucanon","77","738","145","75","43","bug","electric","45.0","7","0","",""
"Crabagarre","47","739","42","47","63","fighting","","7.0","7","0","",""
"Crabominable","97","740","62","67","43","fighting","ice","180.0","7","0","",""
"Plumeline","75","741","98","70","93","fire","flying","43193","7","0","",""
"Bombydou","40","742","55","40","84","bug","fairy","0.2","7","0","",""
"Rubombelle","60","743","95","70","124","bug","fairy","0.5","7","0","",""
"Rocabot","45","744","30","40","60","rock","","43140","7","0","",""
"Lougaroc","85","745","55","75","82","rock","","","7","0","",""
"Froussardine","45","746","140","135","30","water","","0.3","7","0","",""
"Vorastérie","50","747","43","52","45","poison","water","8.0","7","0","",""
"Prédastérie","50","748","53","142","35","poison","water","43234","7","0","",""
"Tiboudet","70","749","45","55","45","ground","","110.0","7","0","",""
"Bourrinos","100","750","55","85","35","ground","","920.0","7","0","",""
"Araqua","38","751","40","72","27","water","bug","4.0","7","0","",""
"Tarenbulle","68","752","50","132","42","water","bug","82.0","7","0","",""
"Mimantis","40","753","50","35","35","grass","","43221","7","0","",""
"Floramantis","70","754","80","90","45","grass","","43238","7","0","",""
"Spododo","40","755","65","75","15","grass","fairy","43221","7","0","",""
"Lampignon","60","756","90","100","30","grass","fairy","43231","7","0","",""
"Tritox","48","757","71","40","77","poison","fire","43316","7","0","",""
"Malamandre","68","758","111","60","117","poison","fire","43153","7","0","",""
"Nounourson","70","759","45","50","50","normal","fighting","43318","7","0","",""
"Chelours","120","760","55","60","60","normal","fighting","135.0","7","0","",""
"Croquine","42","761","30","38","32","grass","","43134","7","0","",""
"Candine","52","762","40","48","62","grass","","43139","7","0","",""
"Sucreine","72","763","50","98","72","grass","","43211","7","0","",""
"Guérilande","51","764","82","110","100","fairy","","0.3","7","0","",""
"Gouroutan","90","765","90","110","60","normal","psychic","76.0","7","0","",""
"Quartermac","100","766","40","60","80","fighting","","82.8","7","0","",""
"Sovkipou","25","767","20","30","80","bug","water","12.0","7","0","",""
"Sarmuraï","75","768","60","90","40","bug","water","108.0","7","0","",""
"Bacabouh","55","769","70","45","15","ghost","ground","70.0","7","0","",""
"Trépassable","85","770","100","75","35","ghost","ground","250.0","7","0","",""
"Concombaffe","55","771","30","130","5","water","","43132","7","0","",""
"Type:0","95","772","95","95","59","normal","","120.5","7","0","",""
"Silvallié","95","773","95","95","95","normal","","100.5","7","0","",""
"Météno","60","774","100","60","120","rock","flying","40.0","7","0","",""
"Dodoala","65","775","75","95","65","normal","","43362","7","0","",""
"Boumata","60","776","91","85","36","fire","dragon","212.0","7","0","",""
"Togedemaru","65","777","40","73","96","electric","steel","43162","7","0","",""
"Mimiqui","55","778","50","105","96","ghost","fairy","0.7","7","0","",""
"Denticrisse","68","779","70","70","92","water","psychic","19.0","7","0","",""
"Draïeul","78","780","135","91","36","normal","dragon","185.0","7","0","",""
"Sinistrail","70","781","86","90","40","ghost","grass","210.0","7","0","",""
"Bébécaille","45","782","45","45","45","dragon","","43310","7","0","",""
"Écaïd","55","783","65","70","65","dragon","fighting","47.0","7","0","",""
"Ékaïser","75","784","100","105","85","dragon","fighting","78.2","7","0","",""
"Tokorico","70","785","95","75","130","electric","fairy","43240","7","1","",""
"Tokopiyon","70","786","130","115","95","psychic","fairy","43269","7","1","",""
"Tokotoro","70","787","85","95","75","grass","fairy","45.5","7","1","",""
"Tokopisco","70","788","95","130","85","water","fairy","43152","7","1","",""
"Cosmog","43","789","29","31","37","psychic","","0.1","7","1","",""
"Cosmovum","43","790","29","131","37","psychic","","999.9","7","1","",""
"Solgaleo","137","791","113","89","97","psychic","steel","230.0","7","1","",""
"Lunala","137","792","137","107","97","psychic","ghost","120.0","7","1","",""
"Zéroïd","109","793","127","131","103","rock","poison","55.5","7","1","",""
"Mouscoto","107","794","53","53","79","bug","fighting","333.6","7","1","",""
"Cancrelove","71","795","137","37","151","bug","fighting","25.0","7","1","",""
"Câblifère","83","796","173","71","83","electric","","100.0","7","1","",""
"Bamboiselle","97","797","107","101","61","steel","flying","999.9","7","1","",""
"Katagami","59","798","59","31","109","grass","steel","0.1","7","1","",""
"Engloutyran","223","799","97","53","43","dark","dragon","888.0","7","1","",""
"Necrozma","97","800","127","89","79","psychic","","230.0","7","1","",""
"Magearna","80","801","130","115","65","steel","fairy","80.5","7","1","",""
"Marshadow","","","","","","","","","","","",""
